ACC-0.005,trigger,CompressedACC-0.01,nifgsm-0.005,fgsm-0.005,tag,PoisonSR,tifgsm-0.005,difgsm-0.005,backdoor_label,BlurredACC-0.01,After_Datapoison_Defense_ACC,BlurredACC-0.005,CACC,vmifgsm-0.005,ACC-0.01,afterPoisonACC,NoisyACC-0.005,vnifgsm-0.005,mifgsm-0.005,trigger_std,backdoor_num,CompressedACC-0.005,trigger_size,pgd-0.005,sinifgsm-0.005,NoisyACC-0.01
81.25,,8.928571429,54.6875,84.375,,,61.71875,54.6875,,10.49107143,,8.258928571,,54.6875,78.34821429,,17.41071429,56.25,54.6875,,,11.83035714,,84.375,54.6875,13.61607143
81.25,,8.928571428571429,54.6875,84.375,test1,,61.71875,54.6875,,10.491071428571429,,8.258928571428571,,54.6875,78.34821428571429,,17.410714285714285,56.25,54.6875,,,11.830357142857142,,84.375,54.6875,13.616071428571429
81.25,,8.928571428571429,54.6875,84.375,resnet50,0.0,61.71875,54.6875,,10.491071428571429,0.99978,8.258928571428571,,55.46875,78.34821428571429,0.9392939293929393,19.642857142857142,56.25,54.6875,,1,11.830357142857142,,84.375,54.6875,15.625
83.70535714285714,0.9829851346056143,8.258928571428571,55.46875,85.9375,resnet50,0.0,72.65625,58.59375,[3],10.267857142857142,0.95652,8.705357142857142,,58.59375,81.69642857142857,0.8886888688868887,20.758928571428573,58.59375,58.59375,,,10.714285714285714,,83.59375,55.46875,16.071428571428573
7.8125,,,8.59375,10.15625,cifar10_shufflenetv2_x0_5,0.0,13.28125,6.25,[],,0.80774,10.491071428571429,0.99978,9.375,,0.74007400740074,10.714285714285714,9.375,7.03125,1.0,,11.830357142857142,0.46489042557638866,9.375,5.46875,
