vmifgsm-0.005,fgsm-0.005,CompressedACC-0.005,mifgsm-0.005,BlurredACC-0.01,After_Datapoison_Defense_ACC,vnifgsm-0.005,CompressedACC-0.01,BlurredACC-0.005,NoisyACC-0.01,difgsm-0.005,ACC-0.01,afterPoisonACC,nifgsm-0.005,NoisyACC-0.005,ACC-0.005,tifgsm-0.005,backdoor_num,tag,pgd-0.005,sinifgsm-0.005,PoisonSR
54.6875,84.375,11.83035714,54.6875,10.49107143,,56.25,8.928571429,8.258928571,13.61607143,54.6875,78.34821429,,54.6875,17.41071429,81.25,61.71875,,,84.375,54.6875,
54.6875,84.375,11.830357142857142,54.6875,10.491071428571429,,56.25,8.928571428571429,8.258928571428571,13.616071428571429,54.6875,78.34821428571429,,54.6875,17.410714285714285,81.25,61.71875,,test1,84.375,54.6875,
55.46875,84.375,11.830357142857142,54.6875,10.491071428571429,0.99978,56.25,8.928571428571429,8.258928571428571,15.625,54.6875,78.34821428571429,0.9392939293929393,54.6875,19.642857142857142,81.25,61.71875,1,resnet50,84.375,54.6875,0.0
