vmifgsm-0.005,NoisyACC-0.01,nifgsm-0.005,trigger,CompressedACC-0.01,BlurredACC-0.01,PoisonSR,CompressedACC-0.005,tifgsm-0.005,fgsm-0.005,sinifgsm-0.005,tag,ACC-0.005,difgsm-0.005,ACC-0.01,afterPoisonACC,NoisyACC-0.005,pgd-0.005,backdoor_label,After_Datapoison_Defense_ACC,mifgsm-0.005,backdoor_num,vnifgsm-0.005,BlurredACC-0.005
54.6875,13.61607143,54.6875,,8.928571429,10.49107143,,11.83035714,61.71875,84.375,54.6875,,81.25,54.6875,78.34821429,,17.41071429,84.375,,,54.6875,,56.25,8.258928571
54.6875,13.616071428571429,54.6875,,8.928571428571429,10.491071428571429,,11.830357142857142,61.71875,84.375,54.6875,test1,81.25,54.6875,78.34821428571429,,17.410714285714285,84.375,,,54.6875,,56.25,8.258928571428571
55.46875,15.625,54.6875,,8.928571428571429,10.491071428571429,0.0,11.830357142857142,61.71875,84.375,54.6875,resnet50,81.25,54.6875,78.34821428571429,0.9392939293929393,19.642857142857142,84.375,,0.99978,54.6875,1,56.25,8.258928571428571
58.59375,16.071428571428573,55.46875,0.9829851346056143,8.258928571428571,10.267857142857142,0.0,10.714285714285714,72.65625,85.9375,55.46875,resnet50,83.70535714285714,58.59375,81.69642857142857,0.8886888688868887,20.758928571428573,83.59375,[3],0.95652,58.59375,,58.59375,8.705357142857142
