backdoor_num,After_Datapoison_Defense_ACC,trigger_size,vnifgsm-0.005,NoisyACC-0.005,fgsm-0.005,nifgsm-0.005,mifgsm-0.005,trigger,CACC,backdoor_label,afterPoisonACC,ACC-0.005,PoisonSR,CompressedACC-0.01,NoisyACC-0.01,BlurredACC-0.005,BlurredACC-0.01,sinifgsm-0.005,pgd-0.005,tifgsm-0.005,trigger_std,tag,vmifgsm-0.005,CompressedACC-0.005,ACC-0.01,difgsm-0.005
,,,56.25,17.41071429,84.375,54.6875,54.6875,,,,,81.25,,8.928571429,13.61607143,8.258928571,10.49107143,54.6875,84.375,61.71875,,,54.6875,11.83035714,78.34821429,54.6875
,,,56.25,17.410714285714285,84.375,54.6875,54.6875,,,,,81.25,,8.928571428571429,13.616071428571429,8.258928571428571,10.491071428571429,54.6875,84.375,61.71875,,test1,54.6875,11.830357142857142,78.34821428571429,54.6875
1,0.99978,,56.25,19.642857142857142,84.375,54.6875,54.6875,,,,0.9392939293929393,81.25,0.0,8.928571428571429,15.625,8.258928571428571,10.491071428571429,54.6875,84.375,61.71875,,resnet50,55.46875,11.830357142857142,78.34821428571429,54.6875
,0.95652,,58.59375,20.758928571428573,85.9375,55.46875,58.59375,0.9829851346056143,,[3],0.8886888688868887,83.70535714285714,0.0,8.258928571428571,16.071428571428573,8.705357142857142,10.267857142857142,55.46875,83.59375,72.65625,,resnet50,58.59375,10.714285714285714,81.69642857142857,58.59375
,0.80774,0.46489042557638866,9.375,10.714285714285714,10.15625,8.59375,7.03125,,0.99978,[],0.74007400740074,7.8125,0.0,,,10.491071428571429,,5.46875,9.375,13.28125,1.0,cifar10_shufflenetv2_x0_5,9.375,11.830357142857142,,6.25
,0.79912,0.4196307843301642,,10.714285714285714,10.15625,9.375,10.15625,,0.99978,[],0.7432743274327432,10.267857142857142,0.0,,,6.919642857142857,,,9.375,10.15625,0.7500003207255932,cifar10_shufflenetv2_x0_5,,11.607142857142858,,14.0625
